-- phpMyAdmin SQL Dump
-- version 5.2.0
-- https://www.phpmyadmin.net/
--
-- Gép: 127.0.0.1
-- Létrehozás ideje: 2025. Feb 13. 12:38
-- Kiszolgáló verziója: 10.4.24-MariaDB
-- PHP verzió: 8.1.6

SET SQL_MODE = "NO_AUTO_VALUE_ON_ZERO";
START TRANSACTION;
SET time_zone = "+00:00";


/*!40101 SET @OLD_CHARACTER_SET_CLIENT=@@CHARACTER_SET_CLIENT */;
/*!40101 SET @OLD_CHARACTER_SET_RESULTS=@@CHARACTER_SET_RESULTS */;
/*!40101 SET @OLD_COLLATION_CONNECTION=@@COLLATION_CONNECTION */;
/*!40101 SET NAMES utf8mb4 */;

--
-- Adatbázis: `fuszerkeverek`
--
DROP DATABASE IF EXISTS `fuszerkeverek`;
CREATE DATABASE `fuszerkeverek`;
USE `fuszerkeverek`;

-- --------------------------------------------------------

--
-- Tábla szerkezet ehhez a táblához `kapcsolat`
--

CREATE TABLE `kapcsolat` (
  `keverekid` int(11) NOT NULL,
  `osszetevoid` int(11) NOT NULL
) ENGINE=InnoDB DEFAULT CHARSET=utf8mb4;

--
-- A tábla adatainak kiíratása `kapcsolat`
--

INSERT INTO `kapcsolat` (`keverekid`, `osszetevoid`) VALUES
(1, 14),
(1, 31),
(1, 77),
(2, 17),
(2, 24),
(2, 95),
(2, 97),
(3, 13),
(3, 29),
(3, 31),
(3, 73),
(3, 91),
(4, 9),
(4, 14),
(4, 24),
(4, 48),
(4, 50),
(4, 74),
(4, 84),
(4, 95),
(4, 96),
(5, 31),
(5, 41),
(5, 50),
(5, 62),
(5, 75),
(5, 81),
(5, 84),
(5, 90),
(5, 100),
(5, 104),
(5, 105),
(5, 111),
(6, 4),
(6, 7),
(6, 29),
(6, 44),
(6, 65),
(6, 77),
(6, 85),
(6, 94),
(6, 99),
(6, 100),
(6, 104),
(7, 29),
(7, 31),
(7, 35),
(7, 54),
(7, 65),
(7, 82),
(7, 85),
(7, 91),
(7, 107),
(8, 13),
(8, 14),
(8, 23),
(8, 31),
(8, 39),
(8, 41),
(8, 50),
(8, 62),
(8, 68),
(8, 84),
(8, 91),
(9, 7),
(9, 31),
(9, 42),
(9, 73),
(9, 74),
(9, 77),
(9, 85),
(9, 90),
(9, 94),
(9, 100),
(9, 105),
(10, 103),
(10, 108),
(11, 9),
(11, 14),
(11, 31),
(11, 42),
(11, 44),
(11, 68),
(11, 73),
(11, 74),
(11, 84),
(11, 100),
(12, 9),
(12, 14),
(12, 31),
(12, 73),
(12, 74),
(12, 75),
(12, 84),
(12, 100),
(13, 17),
(13, 18),
(13, 21),
(13, 27),
(13, 62),
(13, 68),
(13, 100),
(13, 108),
(14, 21),
(14, 27),
(14, 50),
(14, 62),
(14, 68),
(14, 77),
(14, 84),
(15, 13),
(15, 39),
(15, 41),
(15, 52),
(15, 62),
(15, 68),
(15, 84),
(15, 91),
(16, 14),
(16, 32),
(16, 39),
(16, 52),
(16, 62),
(16, 68),
(17, 14),
(17, 31),
(17, 50),
(17, 62),
(17, 68),
(18, 13),
(18, 14),
(18, 39),
(18, 41),
(18, 52),
(18, 62),
(18, 68),
(18, 84),
(18, 91),
(19, 13),
(19, 24),
(19, 31),
(19, 38),
(19, 41),
(19, 50),
(19, 53),
(19, 62),
(19, 68),
(19, 74),
(19, 84),
(19, 89),
(19, 100),
(19, 101),
(20, 9),
(20, 13),
(20, 24),
(20, 39),
(20, 41),
(20, 50),
(20, 53),
(20, 62),
(20, 68),
(20, 74),
(20, 84),
(20, 89),
(20, 94),
(20, 96),
(20, 100),
(21, 13),
(21, 14),
(21, 39),
(21, 41),
(21, 50),
(21, 62),
(21, 68),
(21, 84),
(21, 89),
(21, 100),
(22, 21),
(22, 31),
(22, 53),
(22, 100),
(23, 4),
(23, 7),
(23, 9),
(23, 31),
(23, 42),
(23, 53),
(23, 63),
(23, 65),
(23, 77),
(23, 82),
(23, 91),
(23, 99),
(23, 102),
(23, 112),
(24, 13),
(24, 14),
(24, 29),
(24, 31),
(24, 52),
(24, 73),
(24, 91),
(24, 94),
(24, 104),
(25, 31),
(25, 65),
(25, 85),
(25, 91),
(25, 99),
(25, 110),
(25, 112),
(26, 19),
(26, 20),
(26, 31),
(26, 42),
(26, 61),
(26, 62),
(26, 63),
(26, 76),
(26, 78),
(26, 81),
(26, 100),
(26, 106),
(26, 110),
(27, 7),
(27, 11),
(27, 13),
(27, 21),
(27, 29),
(27, 31),
(27, 42),
(27, 50),
(27, 73),
(27, 74),
(27, 82),
(27, 100),
(28, 7),
(28, 27),
(28, 31),
(28, 53),
(28, 74),
(28, 75),
(28, 99),
(28, 100),
(28, 104),
(29, 29),
(29, 31),
(29, 44),
(29, 75),
(29, 83),
(29, 85),
(29, 100),
(29, 104),
(30, 29),
(30, 31),
(30, 53),
(30, 100),
(30, 104),
(31, 21),
(31, 31),
(31, 62),
(31, 77),
(31, 100),
(31, 108),
(32, 31),
(32, 100),
(33, 1),
(33, 24),
(33, 41),
(33, 94),
(33, 95),
(33, 97),
(34, 24),
(34, 41),
(34, 43),
(34, 94),
(34, 95),
(34, 97),
(35, 24),
(35, 41),
(35, 43),
(35, 94),
(35, 95),
(35, 97),
(36, 1),
(36, 24),
(36, 25),
(36, 41),
(36, 43),
(36, 70),
(36, 94),
(36, 95),
(36, 97),
(37, 20),
(37, 34),
(37, 74),
(38, 31),
(38, 44),
(38, 65),
(38, 77),
(38, 100),
(38, 104),
(38, 109),
(39, 5),
(39, 14),
(39, 23),
(39, 24),
(39, 29),
(39, 48),
(39, 52),
(39, 84),
(39, 95),
(40, 9),
(40, 23),
(40, 24),
(40, 48),
(40, 50),
(40, 84),
(40, 95),
(40, 96),
(41, 14),
(41, 23),
(41, 24),
(41, 29),
(41, 31),
(41, 36),
(41, 41),
(41, 48),
(41, 50),
(41, 84),
(41, 95),
(41, 96),
(42, 27),
(42, 29),
(42, 40),
(42, 60),
(42, 86),
(42, 94),
(42, 108),
(43, 7),
(43, 29),
(43, 31),
(43, 44),
(43, 67),
(43, 73),
(43, 91),
(43, 104),
(44, 9),
(44, 14),
(44, 53),
(44, 74),
(44, 100),
(45, 9),
(45, 15),
(45, 53),
(45, 74),
(45, 91),
(46, 29),
(46, 31),
(46, 33),
(46, 44),
(46, 51),
(46, 75),
(46, 85),
(46, 100),
(46, 104),
(47, 7),
(47, 10),
(47, 20),
(47, 31),
(47, 42),
(47, 44),
(47, 85),
(47, 99),
(47, 100),
(48, 12),
(48, 31),
(48, 53),
(48, 74),
(48, 75),
(48, 100),
(48, 104),
(48, 110),
(49, 7),
(49, 29),
(49, 31),
(49, 73),
(49, 74),
(49, 100),
(50, 24),
(50, 41),
(50, 48),
(50, 94),
(50, 95),
(50, 97),
(51, 14),
(51, 24),
(51, 48),
(51, 50),
(51, 84),
(51, 95),
(51, 105),
(52, 5),
(52, 7),
(52, 44),
(52, 65),
(52, 73),
(52, 77),
(52, 85),
(52, 100),
(53, 24),
(53, 31),
(53, 41),
(53, 48),
(53, 53),
(53, 75),
(53, 77),
(53, 95),
(53, 100),
(53, 104),
(54, 23),
(54, 38),
(54, 68),
(54, 71),
(54, 84),
(55, 14),
(55, 21),
(55, 68),
(55, 74),
(55, 84),
(55, 96),
(55, 100),
(55, 104),
(56, 9),
(56, 21),
(56, 42),
(56, 44),
(56, 73),
(56, 74),
(56, 77),
(56, 85),
(56, 97),
(56, 100),
(56, 112),
(57, 6),
(57, 29),
(57, 31),
(57, 36),
(57, 44),
(57, 52),
(57, 68),
(57, 73),
(57, 84),
(57, 91),
(57, 95),
(57, 112),
(58, 24),
(58, 41),
(58, 48),
(58, 52),
(58, 94),
(58, 95),
(59, 4),
(59, 9),
(59, 14),
(59, 21),
(59, 23),
(59, 24),
(59, 48),
(59, 50),
(59, 62),
(59, 68),
(59, 84),
(59, 94),
(59, 95),
(59, 96),
(60, 21),
(60, 41),
(60, 42),
(60, 50),
(60, 74),
(60, 79),
(60, 100),
(61, 14),
(61, 21),
(61, 41),
(61, 42),
(61, 50),
(61, 74),
(61, 79),
(61, 100),
(62, 22),
(62, 23),
(62, 29),
(62, 52),
(62, 69),
(62, 70),
(62, 84),
(62, 91),
(63, 22),
(63, 23),
(63, 24),
(63, 41),
(63, 48),
(63, 93),
(63, 95),
(64, 22),
(64, 23),
(64, 24),
(64, 93),
(64, 95),
(65, 55),
(65, 56),
(65, 57),
(65, 58),
(65, 59),
(65, 67),
(66, 17),
(66, 18),
(66, 21),
(66, 27),
(66, 31),
(66, 45),
(66, 62),
(66, 68),
(66, 77),
(66, 100),
(66, 108),
(67, 75),
(67, 76),
(67, 77),
(67, 81),
(67, 82),
(67, 89),
(67, 104),
(67, 105),
(68, 21),
(68, 29),
(68, 31),
(68, 53),
(68, 65),
(68, 74),
(68, 85),
(68, 100),
(68, 105),
(69, 14),
(69, 27),
(69, 31),
(69, 53),
(69, 74),
(69, 100),
(69, 104),
(70, 29),
(70, 31),
(70, 54),
(70, 75),
(70, 83),
(70, 104),
(71, 29),
(71, 77),
(71, 100),
(72, 13),
(72, 24),
(72, 31),
(72, 41),
(72, 50),
(72, 74),
(72, 84),
(72, 88),
(72, 95),
(72, 100),
(73, 14),
(73, 17),
(73, 31),
(73, 51),
(73, 75),
(73, 83),
(73, 89),
(73, 91),
(73, 104),
(74, 7),
(74, 17),
(74, 18),
(74, 21),
(74, 27),
(74, 31),
(74, 44),
(74, 45),
(74, 62),
(74, 68),
(74, 73),
(74, 85),
(74, 99),
(74, 100),
(74, 108),
(75, 9),
(75, 14),
(75, 50),
(75, 68),
(75, 74),
(75, 89),
(75, 104),
(76, 24),
(76, 50),
(76, 94),
(76, 95),
(76, 96),
(77, 24),
(77, 50),
(77, 94),
(77, 95),
(77, 96),
(78, 9),
(78, 14),
(78, 42),
(78, 77),
(78, 91),
(79, 13),
(79, 31),
(79, 54),
(79, 68),
(79, 100),
(79, 104),
(79, 111),
(80, 7),
(80, 44),
(80, 77),
(80, 85),
(80, 100),
(81, 3),
(81, 6),
(81, 8),
(81, 14),
(81, 27),
(81, 31),
(81, 52),
(81, 68),
(81, 91),
(82, 6),
(82, 8),
(82, 13),
(82, 14),
(82, 29),
(82, 36),
(82, 39),
(82, 41),
(82, 52),
(82, 62),
(82, 68),
(82, 70),
(82, 84),
(82, 91),
(82, 94),
(83, 6),
(83, 14),
(83, 31),
(83, 36),
(83, 49),
(83, 52),
(83, 84),
(83, 91),
(84, 7),
(84, 10),
(84, 44),
(84, 65),
(84, 73),
(84, 85),
(84, 112),
(85, 6),
(85, 21),
(85, 29),
(85, 52),
(85, 54),
(85, 74),
(85, 84),
(85, 91),
(86, 9),
(86, 14),
(86, 21),
(86, 31),
(86, 42),
(86, 65),
(86, 77),
(86, 82),
(86, 85),
(86, 100),
(87, 13),
(87, 31),
(87, 62),
(87, 74),
(87, 75),
(87, 77),
(87, 87),
(87, 104),
(88, 4),
(88, 24),
(88, 27),
(88, 41),
(88, 50),
(88, 94),
(88, 96),
(89, 21),
(89, 29),
(89, 31),
(89, 53),
(89, 65),
(89, 74),
(89, 85),
(89, 100),
(89, 105),
(90, 7),
(90, 44),
(90, 73),
(90, 85),
(91, 14),
(91, 27),
(91, 68),
(92, 7),
(92, 44),
(92, 64),
(92, 65),
(92, 73),
(92, 77),
(92, 85),
(92, 99),
(93, 4),
(93, 9),
(93, 18),
(93, 41),
(93, 45),
(93, 50),
(93, 68),
(93, 94),
(93, 100),
(94, 21),
(94, 62),
(94, 74),
(94, 100),
(94, 104),
(94, 111),
(95, 6),
(95, 7),
(95, 10),
(95, 31),
(95, 44),
(95, 85),
(95, 90),
(95, 91),
(95, 99),
(95, 104),
(96, 29),
(96, 31),
(96, 44),
(96, 85),
(96, 91),
(96, 104),
(97, 21),
(97, 31),
(97, 77),
(97, 90),
(97, 104),
(97, 105),
(97, 106),
(98, 46),
(98, 74),
(98, 77),
(98, 90),
(98, 110),
(99, 6),
(99, 9),
(99, 24),
(99, 42),
(99, 91),
(99, 94),
(99, 95),
(100, 9),
(100, 31),
(100, 53),
(100, 91),
(100, 110),
(101, 14),
(101, 26),
(101, 28),
(101, 66),
(101, 70),
(101, 72),
(101, 93),
(102, 29),
(102, 31),
(102, 41),
(102, 53),
(102, 65),
(102, 68),
(102, 74),
(102, 100),
(102, 104),
(103, 29),
(103, 80),
(104, 9),
(104, 50),
(104, 74),
(104, 96),
(104, 100),
(105, 9),
(105, 31),
(105, 65),
(105, 68),
(105, 74),
(105, 85),
(105, 91),
(106, 21),
(106, 29),
(106, 31),
(106, 68),
(106, 74),
(106, 77),
(106, 100),
(106, 104),
(107, 9),
(107, 42),
(107, 50),
(107, 53),
(107, 68),
(107, 74),
(107, 77),
(107, 105),
(108, 9),
(108, 31),
(108, 42),
(108, 50),
(108, 53),
(108, 68),
(108, 74),
(108, 77),
(108, 100),
(109, 32),
(109, 51),
(109, 73),
(109, 90),
(109, 98),
(109, 100),
(109, 102),
(110, 11),
(110, 13),
(110, 14),
(110, 20),
(110, 31),
(110, 42),
(110, 74),
(110, 84),
(110, 100),
(110, 112),
(111, 4),
(111, 9),
(111, 18),
(111, 23),
(111, 24),
(111, 31),
(111, 41),
(111, 43),
(111, 48),
(111, 50),
(111, 74),
(111, 84),
(111, 100),
(111, 104),
(112, 27),
(112, 29),
(112, 86),
(112, 108),
(113, 16),
(113, 45),
(113, 79),
(113, 90),
(113, 102),
(114, 1),
(114, 24),
(114, 41),
(114, 43),
(114, 94),
(114, 95),
(114, 97),
(115, 14),
(115, 31),
(115, 36),
(115, 39),
(115, 52),
(115, 62),
(115, 68),
(115, 91),
(116, 14),
(116, 31),
(116, 37),
(116, 41),
(116, 50),
(116, 74),
(116, 84),
(117, 7),
(117, 32),
(117, 67),
(117, 73),
(117, 74),
(117, 100),
(118, 7),
(118, 32),
(118, 45),
(118, 73),
(118, 74),
(118, 100),
(119, 5),
(119, 8),
(119, 9),
(119, 24),
(119, 41),
(119, 44),
(119, 50),
(119, 95),
(119, 99),
(120, 4),
(120, 8),
(120, 9),
(120, 24),
(120, 41),
(120, 44),
(120, 50),
(120, 95),
(120, 99),
(121, 21),
(121, 29),
(121, 62),
(121, 77),
(121, 100),
(121, 104),
(122, 100),
(122, 104),
(123, 2),
(123, 22),
(123, 23),
(123, 24),
(123, 41),
(123, 47),
(123, 50),
(123, 95),
(124, 44),
(124, 92),
(124, 98),
(125, 100),
(125, 105),
(126, 29),
(126, 31),
(126, 44),
(126, 65),
(126, 85),
(126, 104),
(126, 106),
(126, 112);

-- --------------------------------------------------------

--
-- Tábla szerkezet ehhez a táblához `keverek`
--

CREATE TABLE `keverek` (
  `id` int(11) NOT NULL,
  `nev` varchar(30) DEFAULT NULL,
  `ar` int(11) DEFAULT NULL,
  `tomeg` int(11) DEFAULT NULL,
  `szarmazas` varchar(30) DEFAULT NULL,
  `ajanlat` varchar(60) DEFAULT NULL
) ENGINE=InnoDB DEFAULT CHARSET=utf8mb4;

--
-- A tábla adatainak kiíratása `keverek`
--

INSERT INTO `keverek` (`id`, `nev`, `ar`, `tomeg`, `szarmazas`, `ajanlat`) VALUES
(1, 'Aglio-olio', 290, 20, 'Magyarország', 'Olasz, tésztás ételekhez.'),
(2, 'Almás pite', 290, 20, 'Magyarország', 'Almás sütemények töltelékének ízesítéséhez.'),
(3, 'Argentin', 290, 20, 'Magyarország', 'Sült húsokhoz.'),
(4, 'Baharat', 290, 20, 'Magyarország', ''),
(5, 'Bami goreng', 290, 20, 'Magyarország', 'Indonéz jellegű ételekhez.'),
(6, 'Bárány', 290, 20, 'Magyarország', 'Sült húsokhoz, ragukhoz, elsősorban bárányhoz.'),
(7, 'Barbecue', 290, 20, 'Magyarország', 'Grillhúsok pácolásához, sült húsok ízesítéséhez.'),
(8, 'Biriyani masala', 290, 20, 'Magyarország', 'Indiai ételekhez.'),
(9, 'Bolognai', 290, 20, 'Magyarország', 'Paradicsomos szószokhoz.'),
(10, 'Borneói vaníliás bors', 900, 10, 'Németország', 'Halakhoz, mártásokhoz.'),
(11, 'Cajun', 320, 20, 'Magyarország', 'Sült húsokhoz, grillezéshez.'),
(12, 'Chili con carne', 290, 20, 'Magyarország', 'Chilis bab készítéséhez.'),
(13, 'Citromos bors', 290, 20, 'Magyarország', 'Halakhoz, mártásokhoz.'),
(14, 'Creol', 290, 20, 'Magyarország', 'Sült húsok ízesítésére.'),
(15, 'Curry', 260, 20, 'Magyarország', 'Indiai ételek ízesítéséhez.'),
(16, 'Curry angol', 290, 20, 'Németország', 'Indiai raguk ízesítéséhez ajánlott fűszerkeverék.'),
(17, 'Curry colombo', 290, 20, 'Magyarország', 'Indiai ételek ízesítéséhez.'),
(18, 'Curry csípős', 290, 20, 'Magyarország', 'Csípős indiai ételek készítéséhez.'),
(19, 'Curry édeskés', 290, 20, 'Magyarország', 'Édes jellegű indiai ételek készítéséhez.'),
(20, 'Curry enyhén csípős', 290, 20, 'Magyarország', 'Enyhén csípős indiai ételek készítéséhez.'),
(21, 'Curry madras', 290, 20, 'Magyarország', 'Indiai ételek készítéséhez.'),
(22, 'Currys csirke', 290, 20, 'Magyarország', 'Indiai ételek készítéséhez.'),
(23, 'Cseréptálban sültek', 290, 20, 'Magyarország', 'Sült húsok, zöldségek ízesítésére.'),
(24, 'Csípős csirkeszárny', 290, 20, 'Magyarország', 'Csirkeszárnyak ízesítésére.'),
(25, 'Csirkekirály', 290, 20, 'Magyarország', 'Szárnyas húsok ízesítésére.'),
(26, 'Ételízesítő glutamát nélkül', 290, 50, 'Magyarország', 'Levesekhez, sült húsokhoz, ragukhoz.'),
(27, 'Fajita', 290, 20, 'Magyarország', 'Mexikói jellegű ételek és grillezett húsok, halak fűszerezés'),
(28, 'Fasírt', 290, 20, 'Magyarország', 'Fasírtok, húsgolyók, darált húsok ízesítésére.'),
(29, 'Fincsibe', 290, 20, 'Magyarország', 'Sült szárnyas húsokhoz.'),
(30, 'Flekken', 290, 30, 'Magyarország', 'Sült húsok ízesítésére.'),
(31, 'Fokhagymás bors', 290, 20, 'Magyarország', 'Sült húsok ízesítésére.'),
(32, 'Fokhagymás só', 230, 30, '', 'Sült húsok ízesítésére.'),
(33, 'Forralt fehérbor', 350, 20, 'Magyarország', 'Forralt fehérbor készítéséhez.'),
(34, 'Forraltbor', 350, 20, 'Magyarország', '1-1,5 l forralt bor készítéséhez.'),
(35, 'Forraltbor fűszerkeverék ajánd', 1650, 100, 'Magyarország', '7-8 l forralt bor készítéséhez.'),
(36, 'Forraltbor gyümölcsös', 350, 20, 'Magyarország', '1-1,5 l forralt bor készítéséhez.'),
(37, 'Füstsó', 290, 30, 'Magyarország', 'Sült húsok, raguk készítéséhez.'),
(38, 'Fűszervaj', 290, 20, 'Magyarország', 'Szárnyas húsok, tészták ízesítésére.'),
(39, 'Garam masala egész', 290, 20, 'Magyarország', 'Indiai ételek elkészítéséhez.'),
(40, 'Garam masala őrölt', 290, 20, 'Magyarország', 'Indiai ételek elkészítéséhez.'),
(41, 'Goa masala', 290, 20, 'Magyarország', 'Indiai jellegű ételekhez.'),
(42, 'Gourmet tarkabors', 470, 20, 'Magyarország', 'Bármilyen ételhez.'),
(43, 'Görög saláta', 290, 20, 'Magyarország', 'Saláták fűszerezéséhez.'),
(44, 'Grill', 290, 20, 'Magyarország', 'Grillhúsok, zöldségek ízesítésére.'),
(45, 'Grillbors', 290, 20, 'Magyarország', 'Grillhúsok, zöldségek ízesítésére.'),
(46, 'Grillcsirke', 290, 20, 'Magyarország', 'Sült csirke illetve csirkecomb készítéséhez.'),
(47, 'Grillzöldség', 290, 20, 'Magyarország', 'Grillzöldségek készítéséhez.'),
(48, 'Gulyás', 290, 20, 'Magyarország', 'Gulyásleves ízesítésére.'),
(49, 'Gyros', 290, 20, 'Magyarország', 'Sült húsok és gyros készítéséhez.'),
(50, 'Gyümölcsleves', 290, 20, 'Magyarország', 'Gyümölcsleves készítéséhez.'),
(51, 'Hét tenger curry', 290, 20, 'Magyarország', 'Indiai ételek készítéséhez.'),
(52, 'Hétfűszer', 290, 20, 'Magyarország', 'Saláták, sült zöldségek, főzelékek ízesítésére.'),
(53, 'Indiai bárány', 290, 20, 'Magyarország', 'Indiai jellegű bárányhúsból készült ételek elkészítéséhez.'),
(54, 'Indiai ötfűszer', 290, 20, 'Magyarország', 'Lencsés, zöldséges, indiai jellegű ételekhez.'),
(55, 'Indiai szárnyas', 290, 20, 'Magyarország', 'Indiai jellegű ételek készítéséhez.'),
(56, 'Kacsasült', 290, 20, 'Magyarország', 'Szárnyashúsok ízesítésére.'),
(57, 'Kansas grill', 290, 20, 'Magyarország', 'Barbecue-hoz, grillezéshez, sült húsok készítéséhez.'),
(58, 'Karácsonyi sütemény', 290, 20, 'Magyarország', 'Mézeskalácshoz vagy karácsonyi süteményekhez'),
(59, 'Kasmír masala', 290, 20, 'Magyarország', 'Indiai jellegű ételekhez.'),
(60, 'Kínai', 290, 20, 'Magyarország', 'Távol keleti ételekhez.'),
(61, 'Kínai csípős', 290, 20, 'Magyarország', 'Csípős, távol keleti ételekhez.'),
(62, 'Kínai halfűszer', 290, 20, 'Magyarország', 'Halakhoz és kínai ételekhez.'),
(63, 'Kínai hétfűszer', 290, 20, 'Magyarország', 'Távol keleti ételekhez.'),
(64, 'Kínai ötfűszer', 290, 20, 'Magyarország', 'Sültekhez, ragukhoz, süteményekhez.'),
(65, 'Krétai fűszerkeverék vadon ter', 390, 10, 'Kréta', 'Különleges, intenzív ízű fűszerkeverék, mely kiváló salátákh'),
(66, 'Lazac-steak', 290, 20, 'Magyarország', 'Halak ízesítésére.'),
(67, 'Leves lelke', 290, 20, 'Magyarország', 'Levesekhez, konfitált húsokhoz.'),
(68, 'Libasült', 290, 20, 'Magyarország', 'Szárnyashúsok ízesítésére.'),
(69, 'Magyaros', 290, 20, 'Magyarország', 'Pörköltek, raguk ízesítésére'),
(70, 'Magyaros grillpác', 290, 25, 'Magyarország', 'Grillhúsok pácolásához.'),
(71, 'Májgombóc', 290, 20, 'Magyarország', 'Májgombóc ízesítésére'),
(72, 'Marokkói csirke', 290, 20, 'Magyarország', 'Csirkehús fűszerezésére.'),
(73, 'Mártogatós', 290, 20, 'Magyarország', 'Joghurthoz, tejfölhöz adva mártogatósként zöldségek, chipsek'),
(74, 'Mediterrán zöldfűszer', 290, 20, 'Magyarország', 'Salátafűszerként.'),
(75, 'Mexikói', 290, 20, 'Magyarország', 'Mexikói raguk ízesítésére.'),
(76, 'Mézeskalács ', 290, 20, 'Magyarország', 'Mézeskalácshoz vagy mézes jellegű süteményekhez.'),
(77, 'Mézessütemény', 290, 20, 'Magyarország', 'Mézeskalácshoz vagy mézes jellegű süteményekhez.'),
(78, 'Mucho macho', 290, 20, 'Magyarország', 'Csípős sült húsok ízesítésére.'),
(79, 'Mustáros karaj', 290, 20, 'Magyarország', 'Sült sertéshús fűszerezésére.'),
(80, 'Négyfűszer', 290, 20, 'Magyarország', 'Saláták fűszerezésére.'),
(81, 'Nyárspolgár bbq rub francia', 1500, 225, 'Magyarország', 'Sertéshez, szárnyashoz.'),
(82, 'Nyárspolgár bbq rub joker', 1500, 225, 'Magyarország', 'Bármilyen húsféléhez.'),
(83, 'Nyárspolgár bbq rub texasi káv', 1500, 225, 'Magyarország', 'Marhához, sertéshez.'),
(84, 'Olasz', 290, 10, 'Magyarország', 'Olaszos ételek készítéséhez.'),
(85, 'Oldalas', 290, 20, 'Magyarország', 'Sült húsok ízesítéséhez.'),
(86, 'Ördög hozta csirke', 290, 20, 'Magyarország', 'Csípős, szárnyashúsok ízesítésére.'),
(87, 'Paella', 290, 20, 'Magyarország', 'Paella készítéséhez.'),
(88, 'Pástétom', 290, 20, 'Magyarország', 'Pástétomok, húskrémek készítéséhez.'),
(89, 'Pecsenye-grill-steak', 290, 20, 'Magyarország', 'Sült húsok ízesítésére.'),
(90, 'Pizza', 290, 10, 'Magyarország', 'Olaszos tészták, raguk ízesítéséhez.'),
(91, 'Pokol', 290, 20, 'Magyarország', 'Csípős húsok ízesítéséhez.'),
(92, 'Provence', 290, 10, 'Magyarország', 'Saláták, raguk fűszerezésére.'),
(93, 'Rák és hal', 290, 20, 'Magyarország', 'Rákok, halak ízesítésére.'),
(94, 'Rizsfűszer', 290, 20, 'Magyarország', 'Rizs főzéséhez.'),
(95, 'Rozmaringos sült zöldség', 290, 20, 'Magyarország', 'Sült zöldségek készítéséhez.'),
(96, 'Rozmaringos sültburgonya', 290, 30, 'Magyarország', 'Rozmaringos steakburgonya készítéséhez.'),
(97, 'Sajt és túró', 290, 10, 'Magyarország', 'Sajt-, és túrókrém készítéséhez.'),
(98, 'Saláta', 290, 10, 'Magyarország', 'Saláták fűszerezésére.'),
(99, 'Sertésropogós', 290, 20, 'Magyarország', 'Ropogós sertéssült készítéséhez.'),
(100, 'Sertéssült', 290, 30, 'Magyarország', 'Sült sertéshús készítéséhez.'),
(101, 'Shichimi togarashi', 800, 20, 'Magyarország', 'Sültekhez, rizshez, zöldséges tésztához.'),
(102, 'Steak', 290, 20, 'Magyarország', 'Grill és sült húsok ízesítésére.'),
(103, 'Steakbors', 290, 20, 'Magyarország', 'Grill és sült húsok ízesítéséhez, pácolásához.'),
(104, 'Sültburgonya', 290, 30, 'Magyarország', 'Sültburgonya ízesítésére.'),
(105, 'Sültcsirke', 290, 20, 'Magyarország', 'Sült szárnyashúsok ízesítésére.'),
(106, 'Sülthal', 290, 20, 'Magyarország', 'Sült hal készítéséhez.'),
(107, 'Svájci steak', 330, 20, 'Magyarország', 'Grillhúsok, elsősorban marhahús ízesítésére.'),
(108, 'Szárnyas fűszerkeverék', 290, 20, 'Magyarország', 'Szárnyas sült húsok, raguk ízesítésére.'),
(109, 'Szezámmagos saláta', 290, 20, 'Magyarország', 'Salátafűszerként.'),
(110, 'Taco', 290, 20, 'Magyarország', 'Mexikói ételek ízesítésére.'),
(111, 'Tandoori masala', 290, 20, 'Magyarország', 'Indiai ételek ízesítésére.'),
(112, 'Tarkabors', 390, 20, 'Magyarország', 'Bármilyen ételhez.'),
(113, 'Tavaszi saláta', 290, 10, 'Magyarország', 'Saláták fűszerezésére.'),
(114, 'Téli alma varázs', 350, 20, 'Magyarország', '1-1,5 l forró almalé készítéséhez.'),
(115, 'Thai curry', 290, 20, 'Magyarország', 'Thai ételek készítéséhez.'),
(116, 'Tikka masala', 290, 20, 'Magyarország', 'Húsokhoz és indiai ételek ízesítéséhez..'),
(117, 'Tzatziki', 290, 20, 'Magyarország', 'Tzatziki készítéséhez.'),
(118, 'Tzatziki kaporral', 290, 20, 'Magyarország', 'Kapros tzatziki készítéséhez.'),
(119, 'Vad', 290, 20, 'Magyarország', 'Vadhúsok ízesítéséhez.'),
(120, 'Vadpác', 320, 20, 'Magyarország', 'Vadhúsok pácolásához.'),
(121, 'Vöröshagymás bors', 290, 20, 'Magyarország', 'Sült húsokhoz, salátákhoz.'),
(122, 'Vöröshagymás só', 230, 20, 'Magyarország', 'Sült húsok és grillek ízesítésére.'),
(123, 'Wok', 320, 20, 'Magyarország', 'Wokban készülő zöldséges, tésztás ételek készítéséhez.'),
(124, 'Zahtar', 290, 20, 'Magyarország', 'Közel-keleti ételekhez, olívaolajjal keverve pitához, pirító'),
(125, 'Zellersó levéllel', 220, 30, 'Magyarország', 'Levesekhez, sültekhez, salátákhoz.'),
(126, 'Zöldfűszeres grillpác', 290, 30, 'Magyarország', 'Grillhúsok pácolásához.');

-- --------------------------------------------------------

--
-- Tábla szerkezet ehhez a táblához `osszetevo`
--

CREATE TABLE `osszetevo` (
  `id` int(11) NOT NULL,
  `nev` varchar(30) DEFAULT NULL
) ENGINE=InnoDB DEFAULT CHARSET=utf8mb4;

--
-- A tábla adatainak kiíratása `osszetevo`
--

INSERT INTO `osszetevo` (`id`, `nev`) VALUES
(1, 'alma'),
(2, 'ánizs'),
(3, 'ánizsmag'),
(4, 'babér'),
(5, 'babérlevél'),
(6, 'barnacukor'),
(7, 'bazsalikom'),
(8, 'borókabogyó'),
(9, 'bors'),
(10, 'borsikafű'),
(11, 'burgonyakeményítő'),
(12, 'burgonyapehely'),
(13, 'Cayenne-bors'),
(14, 'chili'),
(15, 'chilipor'),
(16, 'citromfű'),
(17, 'citromhéj'),
(18, 'citrompor'),
(19, 'citromsav'),
(20, 'cukor'),
(21, 'curry'),
(22, 'csillagánizs'),
(23, 'édeskömény'),
(24, 'fahéj'),
(25, 'fahéjvirág'),
(26, 'fehér szezámmag'),
(27, 'fehérbors'),
(28, 'fekete szezámmag'),
(29, 'feketebors'),
(31, 'fokhagyma'),
(32, 'fokhagymagranulátum'),
(33, 'füstölt paprika'),
(34, 'füstölt só'),
(35, 'füstsó'),
(36, 'fűszerpaprika'),
(37, 'garam masala'),
(38, 'görögszéna'),
(39, 'görögszénamag'),
(40, 'guineai bors'),
(41, 'gyömbér'),
(42, 'hagyma'),
(43, 'hibiszkusz'),
(44, 'kakukkfű'),
(45, 'kapor'),
(46, 'kaporlevél'),
(47, 'kapormag'),
(48, 'kardamom'),
(49, 'kávé'),
(50, 'koriander'),
(51, 'korianderlevél'),
(52, 'koriandermag'),
(53, 'kömény'),
(54, 'köménymag'),
(55, 'krétai vad bazsalikom'),
(56, 'krétai vad kakukkfű'),
(57, 'krétai vad majoranna'),
(58, 'krétai vad oregánó'),
(59, 'krétai vad rozmaring'),
(60, 'kubebabors'),
(61, 'kukoricadara'),
(62, 'kurkuma'),
(63, 'lestyán'),
(64, 'levendula'),
(65, 'majoranna'),
(66, 'mák'),
(67, 'menta'),
(68, 'mustármag'),
(69, 'nádcukor'),
(70, 'narancshéj'),
(71, 'nigella'),
(72, 'nori'),
(73, 'oregánó'),
(74, 'paprika'),
(75, 'paradicsom'),
(76, 'paszternák'),
(77, 'petrezselyem'),
(78, 'petrezselyemgyökér'),
(79, 'petrezselyemlevél'),
(80, 'piros pritaminpaprika'),
(81, 'póré'),
(82, 'pritamin'),
(83, 'pritaminpaprika'),
(84, 'római kömény'),
(85, 'rozmaring'),
(86, 'rózsabors'),
(87, 'sáfrány'),
(88, 'sáfrányos szeklice'),
(89, 'sárgarépa'),
(90, 'snidling'),
(91, 'só'),
(92, 'sumach'),
(93, 'szecsuáni bors'),
(94, 'szegfűbors'),
(95, 'szegfűszeg'),
(96, 'szerecsendió'),
(97, 'szerecsendióvirág'),
(98, 'szezámmag'),
(99, 'tárkony'),
(100, 'tengeri só'),
(101, 'tormapor'),
(102, 'turbolya'),
(103, 'vanília'),
(104, 'vöröshagyma'),
(105, 'zeller'),
(106, 'zellergyökér'),
(107, 'zellerlevél'),
(108, 'zöldbors'),
(109, 'zöldség'),
(110, 'zöldségek'),
(111, 'zöldségkeverék'),
(112, 'zsálya');

--
-- Indexek a kiírt táblákhoz
--

--
-- A tábla indexei `kapcsolat`
--
ALTER TABLE `kapcsolat`
  ADD PRIMARY KEY (`keverekid`,`osszetevoid`);

--
-- A tábla indexei `keverek`
--
ALTER TABLE `keverek`
  ADD PRIMARY KEY (`id`);

--
-- A tábla indexei `osszetevo`
--
ALTER TABLE `osszetevo`
  ADD PRIMARY KEY (`id`);

--
-- Megkötések a kiírt táblákhoz
--

--
-- Megkötések a táblához `kapcsolat`
--
ALTER TABLE `kapcsolat`
  ADD CONSTRAINT `kapcsolat_ibfk_1` FOREIGN KEY (`keverekid`) REFERENCES `keverek` (`id`),
  ADD CONSTRAINT `kapcsolat_ibfk_2` FOREIGN KEY (`osszetevoid`) REFERENCES `osszetevo` (`id`);
COMMIT;

/*!40101 SET CHARACTER_SET_CLIENT=@OLD_CHARACTER_SET_CLIENT */;
/*!40101 SET CHARACTER_SET_RESULTS=@OLD_CHARACTER_SET_RESULTS */;
/*!40101 SET COLLATION_CONNECTION=@OLD_COLLATION_CONNECTION */;
